{
  "mean_reward": -0.05000916441561437,
  "std_reward": 0.3214683976937995,
  "mean_latency": 100.93178701487916,
  "mean_energy": 0.0012647651285405007,
  "mean_accuracy": 0.9043680064262298,
  "mean_violations": 0.0,
  "p50_latency": 100.96373829228816,
  "p90_latency": 113.94857123235103,
  "p95_latency": 117.71031412101223,
  "p99_latency": 125.75119858972221,
  "reward_fairness": 0.9982880698421157,
  "latency_fairness": 0.9999999999999997,
  "mean_edp": 0.13291388668673612,
  "deadline_success_rate": 1.0,
  "num_samples": 400000,
  "final_reward": -403.6824427682014,
  "reward_std": 38.80468124312654,
  "mutual_information": {
    "total_mi": 0.05006464868383095,
    "normalized_mi": 0.44256102760855764,
    "state_entropy": 14.479980448646348,
    "per_dim_mi": {
      "msg_dim_0": 0.05265639992057549,
      "msg_dim_1": 0.043133063315965385,
      "msg_dim_2": 0.043874652872009846,
      "msg_dim_3": 0.05355323125714486,
      "msg_dim_4": 0.05099370686274042,
      "msg_dim_5": 0.058532147355548514,
      "msg_dim_6": 0.06131002170880884,
      "msg_dim_7": 0.036463966177854225
    }
  },
  "attention_analysis": {
    "mean_weights": [
      0.14287586510181427,
      0.14293430745601654,
      0.1429196149110794,
      0.14293283224105835,
      0.14291350543498993,
      0.14294643700122833,
      0.14287909865379333
    ],
    "std_weights": [
      3.6357978387968615e-05,
      7.313883543247357e-05,
      6.78014475852251e-05,
      7.444393122568727e-05,
      7.136593922041357e-05,
      6.174371810629964e-05,
      4.901132342638448e-05
    ],
    "entropy": 2.807354211807251,
    "concentration": 8.793630927481235e-05,
    "correlations": {}
  }
}