{
  "message_dim_ablation": {
    "dimensions": [
      4,
      6,
      8,
      10,
      12,
      16
    ],
    "metrics": {
      "p99_latency": [
        125.40451245136296,
        125.4445075997396,
        125.71806091004524,
        125.83813142478594,
        126.17201282527964,
        125.59109027693839
      ],
      "std_reward": [
        5.117806646331071,
        5.179971135893106,
        4.994397363619778,
        5.496744597635285,
        4.983882806408824,
        4.969354035948106
      ],
      "num_samples": [
        10000,
        10000,
        10000,
        10000,
        10000,
        10000
      ],
      "reward_fairness": [
        1.0,
        1.0,
        1.0,
        1.0,
        1.0,
        1.0
      ],
      "p95_latency": [
        117.36872750493815,
        117.50921052708004,
        117.38899449809664,
        117.70903488488067,
        117.57737870592274,
        117.90148505234899
      ],
      "p50_latency": [
        100.73793307287588,
        101.0137723305569,
        100.8087541023764,
        100.77793606671509,
        100.76325430499561,
        100.81426138620934
      ],
      "mean_reward": [
        -2.0851407374053905,
        -2.0998341870605572,
        -2.1104714628099983,
        -2.1298351045363524,
        -2.1060164867732194,
        -2.0780832890592165
      ],
      "mean_accuracy": [
        0.8910022398549052,
        0.8867413460111954,
        0.8753690962925963,
        0.880479184898423,
        0.8818170487202728,
        0.879933240970141
      ],
      "mean_energy": [
        0.0012551398048066215,
        0.001316861776456414,
        0.0012359104998429335,
        0.001245079653549679,
        0.0012434180746569087,
        0.0012364831440216486
      ],
      "p90_latency": [
        113.44964413137156,
        113.77867542460459,
        113.61637503466494,
        113.87323671679161,
        113.85010605675146,
        113.7764346331748
      ],
      "latency_fairness": [
        1.0,
        1.0,
        1.0,
        1.0,
        1.0,
        1.0
      ],
      "reward": [
        -437.9157814327007,
        -418.9122850602172,
        -508.9721143106133,
        -425.4912401344556,
        -415.2997016692587,
        -429.22059017782044
      ],
      "mean_latency": [
        100.68855295673346,
        100.93443800244656,
        100.67479003402597,
        100.82876717893312,
        100.77251064376833,
        100.78738954304453
      ],
      "mean_violations": [
        0.0,
        0.0,
        0.0,
        0.0,
        0.0,
        0.0
      ],
      "deadline_success_rate": [
        1.0,
        1.0,
        1.0,
        1.0,
        1.0,
        1.0
      ],
      "mean_edp": [
        0.1281205243041052,
        0.14163615402471558,
        0.12456815987928292,
        0.12661936797952997,
        0.12583654084208534,
        0.12475516472788027
      ]
    },
    "optimal_dimension": 12,
    "optimal_reward": -415.2997016692587
  }
}